,Station,Flux µmol.m**-2.hour**-1
0,S01,0.2240157336593384
1,S01B,0.0928755874170529
2,S04,0.3195618835994685
3,S09,0.22526720422693752
4,S12,0.3168992255611517
5,S15,0.7678912680800847
6,S15B,0.4081782557787412
7,S22,1.3977966821384917
8,S22B,0.9036733295468716
9,T01,0.42131704226307526
10,T02,
11,T04,0.13926858237963347
12,T05,
13,T06,0.15312351302368782
14,T07,0.12325416932571862
